<xml xmlns:o="urn:schemas-microsoft-com:office:office">
 <o:MainFile HRef="../example.htm"/>
 <o:File HRef="item0015.xml"/>
 <o:File HRef="props0016.xml"/>
 <o:File HRef="themedata.thmx"/>
 <o:File HRef="colorschememapping.xml"/>
 <o:File HRef="image001.png"/>
 <o:File HRef="image002.jpg"/>
 <o:File HRef="image003.png"/>
 <o:File HRef="image004.jpg"/>
 <o:File HRef="image005.png"/>
 <o:File HRef="image006.jpg"/>
 <o:File HRef="image013.png"/>
 <o:File HRef="image007.jpg"/>
 <o:File HRef="image015.gif"/>
 <o:File HRef="filelist.xml"/>
</xml>